,DATOS GENERALES,,,,,,,,,,,,,,,,,,,,,,,,,DATOS DEMOGRÌFICOS,,,,POBLACIONES VULNERABLES,,,,,,,,,,,,,,,,,,,,,,,,,,,,,,,MOVILIDAD,WASH,,,,,,,,,,,,,ALIMENTACIÌÒN,,,SALUD,,,,,,,,EDUCACIÌÒN,,,MEDIOS DE VIDA,,,,,,"SEGURIDAD, DIGNIDAD Y PRIVACIDAD",,,,,,,,,,,,,,,,,,,,,,,,,,,,,,,,,,COMUNICACIÌÒN,,,,,,DATOS CIERRE,
country,survey_date,,round,,,,,site_id,,,,,,,,,site_latitude,site_longitude,site_urban,,,,,,,n_family,n_total,n_male,n_female,n_pregnant_youth,n_pregnant_adult,n_lactating,n_pwpd_m,n_pwpd_w,n_pwmd_m,n_pwmd_w,n_chron_m,n_chron_w,n_relmin_m,n_relmin_w,n_ethnicmin_m,n_ethnicmin_w,n_elder_male,n_elder_female,n_elder_m_alone,n_elder_f_alone,n_boy_unacc,n_girl_unacc,n_boy_sep,n_girl_sep,n_orphan_b,n_orphan_g,n_single_mothers,n_single_fathers,n_hoh_boy,n_hoh_girl,,,,,,,,,water_source_p,,,,,latrine_gender,,,,,,,,,,,,,,,,edu_access,,,,,per_hh_income,,,,sec_provided,,,,,,,,,,,,,,,,,,,,,,,,,,,,,,,,,,,,travel_info,,,,,
,Fecha de encuesta,Sexo entrevistador,Ronda,Provincia,Canton,Parroquia,Ciudad o pueblo mas cercano,SSID,Nombre,Nombre Alterno,Clasificacion,Uso antes del desplazamiento,Estatus,Fecha inicio,Fecha cierre,Comentarios,Latitud,Longitud,Tipo de area,Distancia a proximo pueblo,Tiempo al final del sitio,Comparten techo,Capacidad,Comentarios en la definicion del sitio,Desplazados viviendo en el lugar,Hogares,Individuos,Masculino,Femenino,Embarazadas menores 18,Embarazadas mayores 18,Madres lactantes,Hombres con discapacidad fisica,Mujeres con discapacidad fisica,Hombres con discapacidades mentales,Mujeres con discapacidades mentales,Hombres con enfermedades cronicas,Mujeres con enfermedades cronicas,Hombres minorias religiosas,Mujeres minorias religiosas,Hombres minorias etnicas,Mujeres minorias etnicas,Ancianos,Ancianas,Ancianos no acompanados,Ancianas no acompanadas,Ninos no acompanados,Ninas no acompanadas,Ninos separados,Ninas separadas,Ninos huerfanos,Ninas huerfanas,Mujeres cabeza de hogar,Hombres cabeza de hogar,Ninos cabeza de hogar,Ninas cabeza de hogar,Refugiados y solicitantes de asilo masculinos,Refugiados y solicitantes de asilo femeninos,Personas LGBTI Masculinas,Personas LGBTI Femeninas,Area prevista de retorno,Ubicacion de la principal fuente de agua del sitio,Tipo de almacenamiento de agua,_Hay distribucion diaria de agua por persona?,Fuente de agua para beber,_Hay distribucion de agua para uso domestico por persona?,Fuente de agua para uso domestico,Inodoros funcionales,Personas por letrina,Inodoros separados,Duchas separadas,Inodoros se pueden cerrar desde dentro?,Duchas se pueden cerrar desde dentro,Productos de higiene femenina,Frecuencia de distribucion de alimentos,Alimentacion suplementaria para mujeres,Alimentacion suplementaria para ninos,Problemas de salud mas prevalentes,Segundo problema de salud mas prevalente,Tercer problema de salud mas prevalente,Personas tratadas por ETS,Acceso a medicinas,Acceso a instalaciones o servicios de salud,Ubicacion de instalacion/servicios de salud,Proveedor de servicios de salud,Educacion,Distancia a instalacion educativa,Porcentaje de ninos yendo a la escuela,Ocupacion de la mayoria de hombres,Ocupacion de la mayoria de mujeres,Porcentaje de hogares con acceso a ingresos,Acceso a ingresos,Ganado,Tierra para cultivo,Seguridad disponble?,Incidentes de seguridad reportados?,Proveedor de seguridad,Areas que mujeres y ninas tienden a evitar,Servicios de proteccion a infantes,Numero de espacios seguros para ninos,Numero de espacios seguros para mujeres,El lider del sitio conoce el mecanismo de remision para sobrevivientes de VBG,Las mujeres se sientes seguras,Los hombres se sienten seguros,Los ninos se sienten seguros,Relacion entre los desplazados,Relacion entre los desplazados y la comunidad,La mayoria de gente tiene documento ID,Iluminacion adecuada en areas comunales,Areas donde hay problemas para acceder a servicios,Problemas para acceeder a NFI,Problemas para acceder a WASH,Problemas para acceder a salud,Problemas para acceder a alimentacion,Problemas para acceder a educacion,Problemas para acceder a medios de vida,Nigun problema de acceso,No sabe que problemas de acceso,Factores de riesgo para acceder a servicios,Distancia es factor de riesgo,Diseno es factor de riesgo,Escombros/danos son factor de riesgo,Falta de iluminacion es factor de riesgo,Falta de acceso segregado es factor de riesgo,Seguridad es factor de riesgo,Otros factores de riesgo,Barreras para que grupos vulnerables accedan a servicios,Comentarios,Fuente de informacion,Tema adicional que seria util para el sitio,Informacion de viajes al exterior,Tipo de destino,Lugares de destino,Medio de difusion de oportunidades de viaje,Hora de envio,_index
Ecuador,5/6/16,Masculino,1,Esmeraldas,Muisne,San Jose de Chamanga,,ESM_001,30 de Enero,,Espontaneo,Centro deportivo,abierto,4/17/16,5/6/16,,0.27239445,-79.95403612,Urbano,,,,122,,si,41,122,61,61,1,1,0,2,0,0,0,1,0,0,0,0,0,2,0,1,0,3,0,0,0,0,0,3,1,1,0,0,0,0,0,Lugar de origen,,,,,,tanquero,3,41,si,no,si,no,si,dos veces por semana,no,no,IRA,,,0,si,si,En el sitio a menos de tres km,gobierno,si,Entre 1 y 2 km,Entre 26 y 50%,pesca,Ama de casa,entre 26 y 50%,no,si,si,si,si,policia,no,ninguno,0,0,si,si,si,si,bueno,bueno,si,si adecuada,ninguno,no,no,no,no,no,no,si,no,otro,no,no,no,no,no,no,Ninguno,ninguno,,telefonos celular,albergues,no,,,,2016-05-06T23:38:08,38
Ecuador,5/5/16,Feminino,1,Esmeraldas,Muisne,SAN FRANCISCO,Bunche,ESM_003,Parque de Bunche,Bunche,Espontaneo,Parque o plaza,abierto,4/17/16,5/6/16,,0.637137,-80.04413,Rural,2,2,no,,,si,33,116,63,53,,,6,2,,2,,10,20,15,15,,,10,18,0,1,,,,,,,8,6,,,,,,,Pueblo mas cercano,En el sitio a menos de 20 minutos,poma,no,agua embotellada,no,tanquero,1,116,no,no,no,no,si,dos veces por semana,no,no,IRA,Artritis,neumonia,,no,si,Fuera del sitio a mas de tres km,gobierno,no,Menos de 1 kilometro,Entre 26 y 50%,pesca,Recoleccion de concha,menor a 25%,si,si,si,si,no,comunidad,no,identificacion de MNA,2,1,si,si,si,si,bueno,bueno,si,si no adecuada,agua saneamiento higiene comida medios de vida,no,si,no,si,no,si,no,no,distancia,si,no,no,no,no,no,,ninguno,"Colchones, banos, letrinas y carpas",lider local,albergues,,,,,2016-05-06T23:37:53,32
Ecuador,5/5/16,Masculino,1,Esmeraldas,Muisne,SAN FRANCISCO,Muisne,ESM_005,Cancha del recinto bunche,,Albergue planificado,Lote abierto,abierto,4/17/16,5/6/16,,0.636707656,-80.04265606,Rural,5,3,si,,,si,10,33,14,19,1,1,1,0,0,0,0,0,0,2,3,0,0,0,0,0,1,0,0,0,0,0,0,1,1,0,0,0,0,0,0,Lugar de origen,Fuera del sitio a menos de 20 minutos,poma,si mas de 2L,agua embotellada,si mas de 15L,agua embotellada,0,sin inodoros,no,no,no,no,no,irregular,no,no,IRA,ninguno,ninguno,0,si,no,Fuera del sitio a menos de 3 km,gobierno,si,Entre 1 y 2 km,Entre 26 y 50%,jornalero,Ama de casa,menor a 25%,si,no,si,si,no,policia,no,reunificacion,1,0,si,no,no,no,bueno,bueno,si,si adecuada,agua saneamiento higiene salud comida educacion medios de vida,no,si,si,si,si,si,no,no,distancia,si,no,no,no,no,no,,ninguno,,radio noticias,situacion origen,no,,,,2016-05-06T23:39:46,44
Ecuador,5/6/16,Feminino,1,Esmeraldas,Muisne,SAN FRANCISCO,"Recinto El Salto""""""ecinto ""E""""c""",ESM_013,Albergue #4 La cancha,La cancha,Albergue planificado,Centro deportivo,abierto,4/6/16,4/16/16,,0.656582254,-79.91910295,Rural,2,10,no,,,si,27,88,43,45,0,0,1,3,1,0,0,1,1,13,24,0,0,1,3,0,0,0,0,0,0,0,0,2,0,0,0,0,0,0,0,Permancer en el mismo lugar,Fuera del sitio a mas de 20 minutos,poma,si menos de 2L,agua embotellada,si mas de 15L,agua embotellada,4,22,no,no,si,no,si,dos veces por semana,no,no,IRA,ninguno,ninguno,0,si,si,Fuera del sitio a menos de 3 km,gobierno,no,Menos de 1 kilometro,Mas del 76%,pesca,comercio informal,menor a 25%,no,no,no,si,si,policia,si,ninguno,0,0,no,si,si,si,bueno,bueno,si,si no adecuada,agua saneamiento higiene comida,no,si,no,si,no,no,no,no,distancia otro,si,no,no,no,no,no,,ninguno,Necesitan carpas y colchones,ninguno,ninguno,no,,,,2016-05-06T23:43:36,56
Ecuador,5/5/16,Masculino,1,Esmeraldas,Muisne,SAN FRANCISCO,Bunche,ESM_014,Las palmeras,,Albergue planificado,Lote abierto,abierto,4/16/16,5/23/16,,0.637152,-80.037141,Rural,10,10,si,,,si,7,16,8,8,0,0,0,0,0,0,0,0,0,0,0,0,0,0,0,1,1,0,0,0,0,0,0,0,0,0,0,0,0,0,0,Lugar de origen,En el sitio a menos de 20 minutos,poma,no,agua embotellada,no,Zanja,1,16,no,no,si,si,,,,no,Alergia,ninguno,ninguno,0,no,no,Fuera del sitio a mas de tres km,gobierno,no,,,agricultura,Ama de casa,entre 26 y 50%,no,no,si,no,no,policia,no,ninguno,1,0,si,no,no,no,excelente,excelente,si,no hay,agua saneamiento higiene salud comida,no,si,si,si,no,no,no,no,otro,no,no,no,no,no,no,El MIES no quiere dar,ninguno,,otro,ninguno,no,,,,2016-05-06T23:38:11,39
Ecuador,5/6/16,Masculino,1,Esmeraldas,Muisne,MUISNE,El salto,ESM_015,Nuestra Senora de Guadalupe,,Albergue planificado,Otro,abierto,4/20/16,5/6/16,,0.637364267,-80.00068617,Rural,15,15,si,,,no,29,96,48,48,0,0,1,1,1,0,0,0,3,0,0,0,0,5,5,0,0,0,0,0,0,0,0,15,0,0,0,0,1,1,0,Pueblo mas cercano,En sitio a mas de 20 minutos,poma,si mas de 2L,agua embotellada,si mas de 15L,agua embotellada,5,19,no,no sabe,si,no,si,todos los dias,no,no,ninguno,ninguno,ninguno,0,si,si,En el sitio a menos de tres km,gobierno,si,Menos de 1 kilometro,Entre 26 y 50%,pesca,ninguno,menor a 25%,no,si,no,si,si,policia,si,identificacion de MNA,1,1,si,si,si,si,excelente,excelente,si,si adecuada,agua saneamiento higiene,no,si,no,no,no,no,no,no,escombros danos,no,no,si,no,no,no,,ninguno,,telefonos celular,como obtener informacion,no,,,,2016-05-06T23:43:39,57
Ecuador,5/6/16,Masculino,1,Esmeraldas,Muisne,San Jose de Chamanga,Pedernales,ESM_016,Nueva Jerusalen,,Campamento,Lote abierto,abierto,4/16/16,5/6/16,,0.27377175,-79.95254462,Rural,54,60,si,150,,si,17,88,38,50,0,0,1,0,0,0,0,0,0,2,2,0,0,0,2,0,0,0,0,0,0,0,0,1,0,0,0,0,0,0,0,Permancer en el mismo lugar,Fuera del sitio a menos de 20 minutos,poma,no,agua embotellada,si menos de 15L,tanquero,1,88,no,no,no,no,no,nunca,no,no,diarrea,IRA,IU,0,si,si,Fuera del sitio a menos de 3 km,gobierno,no,Menos de 1 kilometro,0%,pesca,pesca,no responde,no,no,no,no,si,ninguno,si,ninguno,0,0,si,no sabe,no,no,bueno,bueno,si,no hay,bienes no alimentarios agua saneamiento higiene salud comida medios de vida,si,si,si,si,no,si,no,no,diseno falta iluminacion seguridad,no,si,no,si,no,si,,si algunos,,radio noticias,accesso asistencia,no,,,,2016-05-06T23:43:47,61
Ecuador,5/6/16,Masculino,1,Esmeraldas,Muisne,San Jose de Chamanga,,ESM_017,Nuevo Milenio 2,,Espontaneo,Edificio privado,abierto,4/16/16,5/6/16,Hasta desaparecida la alerta,0.27655415,-79.94843233,Urbano,,,,,,si,22,105,50,55,0,0,3,2,0,0,0,0,0,4,7,2,2,1,4,0,1,0,0,0,0,0,0,10,1,0,0,0,0,0,0,Permancer en el mismo lugar,Fuera del sitio a menos de 20 minutos,Tanque,si mas de 2L,agua embotellada,si mas de 15L,tanquero,2,53,no,no,si,no,no,dos veces por semana,no,si,IRA,diarrea,Estado emocional,0,no,si,Fuera del sitio a menos de 3 km,gobierno,no,Entre 2 y 5 km,Menos del 25%,pesca,pesca,mayor a 75%,si,no,no,si,no,policia,no,ninguno,0,1,si,si,si,si,excelente,bueno,si,si adecuada,bienes no alimentarios agua saneamiento higiene comida educacion,si,si,no,si,si,no,no,no,distancia,si,no,no,no,no,no,,ninguno,,lider local,Soluciones a largo plazo,no,,,,2016-05-06T23:37:57,34
Ecuador,5/5/16,Masculino,1,Esmeraldas,Muisne,SAN GREGORIO,Atacames,ESM_018,Recinto Correntada,,Albergue planificado,Escuela,abierto,4/16/16,4/7/16,,0.500637,-79.972487,Rural,50,60,si,,,si,29,140,71,69,0,4,9,0,1,0,3,2,7,9,11,0,0,9,7,2,1,0,0,0,0,0,0,5,0,0,0,0,0,1,0,Lugar de origen,En el sitio a menos de 20 minutos,poma,no,agua embotellada,si mas de 15L,Por tuberia,4,35,no,no,si,no,si,irregular,no,no,neumonia,diarrea,IRA,0,no,si,Fuera del sitio a mas de tres km,gobierno,no,Menos de 1 kilometro,Entre 26 y 50%,agricultura,Ama de casa,entre 26 y 50%,si,no,si,no,no,policia,no,ninguno,2,0,si,si,si,si,bueno,bueno,si,si no adecuada,agua saneamiento higiene comida,no,si,no,si,no,no,no,no,distancia,si,no,no,no,no,no,,ninguno,,ninguno,accesso asistencia,no,,,,2016-05-06T23:41:51,52
Ecuador,5/5/16,Feminino,1,Esmeraldas,Muisne,SAN FRANCISCO,Bunche,ESM_019,Rio sopa,,Albergue planificado,Otro,abierto,5/16/16,5/6/16,,0.639806664,-80.0344141,Rural,3,10,si,10,,si,2,9,5,4,0,1,0,0,0,0,0,0,0,0,0,0,0,0,1,0,0,0,0,0,0,0,0,0,0,0,0,0,0,,,Lugar de origen,En el sitio a menos de 20 minutos,poma,no,Rio,no,Rio,0,sin inodoros,no,no,no,no,no,irregular,no,no,IRA,ninguno,ninguno,0,no,no,Fuera del sitio a mas de tres km,gobierno,no,Entre 5 y 10 km,Menos del 25%,agricultura,Ama de casa,menor a 25%,no,no,si,no,no,ninguno,no,ninguno,0,0,no,si,si,si,excelente,excelente,si,no hay,bienes no alimentarios agua saneamiento higiene salud comida medios de vida,si,si,si,si,no,si,no,no,distancia diseno,si,si,no,no,no,no,,ninguno,,radio noticias,accesso asistencia,no,,,,2016-05-06T23:36:45,31
Ecuador,5/5/16,Feminino,1,Esmeraldas,Muisne,SAN FRANCISCO,Bunche,ESM_021,10 de agosto,10 de agosto,Espontaneo,Lote abierto,abierto,4/16/16,5/5/16,.,0.63692,-80.04261,Rural,4,20,si,20,.,si,18,68,31,37,0,2,0,1,0,1,1,0,2,0,1,0,0,0,3,0,0,0,0,0,1,0,0,4,0,0,0,0,0,0,0,Lugar de origen,En el sitio a menos de 20 minutos,Tanque,si mas de 2L,agua embotellada,si mas de 15L,tanquero,1,68,no,no,si,no,si,una vez por semana,no,no,IRA,diarrea,ninguno,0,si,si,Fuera del sitio a menos de 3 km,gobierno,no,Menos de 1 kilometro,Menos del 25%,pesca,Ama de casa,entre 51 y 75%,si,no,no,si,no,policia,no,,0,0,si,si,si,si,bueno,bueno,si,no hay,bienes no alimentarios,si,no,no,no,no,no,no,no,distancia,si,no,no,no,no,no,,ninguno,,lider local,seguridad,no,,,,2016-05-06T00:43:33,27
Ecuador,5/6/16,Feminino,1,Esmeraldas,Muisne,San Jose de Chamanga,,ESM_022,Albergue Las Papayas,Las Papayas,Espontaneo,Lote abierto,abierto,4/16/16,5/24/16,,0.27156,-79.95592,Urbano,,,,,,si,30,150,50,100,2,0,3,3,1,1,0,0,1,20,25,,,2,3,1,0,,,,,,,,,,,,,,,Lugar de origen,Fuera del sitio a mas de 20 minutos,Tanques,no,tanquero,si menos de 15L,tanquero,2,75,no,no,no,no,si,una vez por semana,no,no,IRA,Alergias,diarrea,,no,no,Fuera del sitio a menos de 3 km,gobierno,no,Menos de 1 kilometro,Entre 26 y 50%,pesca,Ama de casa,entre 26 y 50%,si,si,si,si,si,combinado policia militares,no,identificacion de MNA,0,0,si,no,si,no,bueno,bueno,si,si no adecuada,agua saneamiento higiene salud comida medios de vida,no,si,si,si,no,si,no,no,,,,,,,,,ninguno,,lider local,accesso asistencia,no,,,,2016-05-06T23:38:05,37
Ecuador,5/6/16,Masculino,1,Esmeraldas,Muisne,San Jose de Chamanga,,ESM_023,Campamento mae chamanga,,Campamento,Lote abierto,abierto,4/21/16,5/6/16,,0.27384634,-79.95160103,Urbano,,,,2000,,si,104,444,0,0,,,,,,,,,,,,,,,,,,,,,,,,,,,,,,,,Permancer en el mismo lugar,En el sitio a menos de 20 minutos,Tanquero,,,,,,sin inodoros,,,,,,,,,,,,,,,,,,,,,,,,,,,,,,,,,,,,,,,,,,,,,,,,,,,,,,,,,,,,,,,,,,2016-05-06T23:38:00,35
Ecuador,5/5/16,Masculino,1,Esmeraldas,Muisne,Muisne,Pueblo Nuevo,ESM_024,Casa_Paul Velez,Palma Junta,Espontaneo,Edificio privado,abierto,4/16/16,5/5/16,,0.64016601,-79.9685933,Rural,4,4,si,,,si,22,182,30,22,0,1,7,2,2,0,0,0,4,0,0,0,0,1,4,0,0,0,0,0,0,0,0,15,1,0,0,0,0,0,0,Permancer en el mismo lugar,Fuera del sitio a menos de 20 minutos,Barril 1300L,no,agua embotellada,no,tanquero,1,182,no,no,no,no,no,irregular,no,no,IRA,IU,ninguno,0,no,si,Fuera del sitio a menos de 3 km,gobierno,no,Entre 5 y 10 km,Menos del 25%,pesca,pesca,menor a 25%,no,no,no,no,no,ninguno,no,ninguno,0,1,no sabe,no,no,si,bueno,excelente,si,si no adecuada,bienes no alimentarios agua saneamiento higiene salud comida educacion medios de vida,si,si,si,si,si,si,no,no,diseno,no,si,no,no,no,no,,si todos,Atras hay una finca. Edificio privado.,telefonos celular,albergues,no,,,,2016-05-06T00:43:30,25
Ecuador,5/5/16,Feminino,1,Esmeraldas,Muisne,SAN FRANCISCO,Tongora,ESM_025,El mirador,El nuevo san Francisco,Espontaneo,Otro,abierto,4/16/16,5/6/16,,0.65158,-80.06406,Rural,2,5,si,,En una carpa viven varias familias,si,55,235,0,0,1,4,7,1,1,1,0,1,1,2,3,0,0,4,4,5,0,,,,,1,,3,6,,,,,,,Lugar de origen,Fuera del sitio a menos de 20 minutos,Tanque,si mas de 2L,agua embotellada,si mas de 15L,tanquero,2,118,no,no,si,no,si,dos veces por semana,si,si,IU,Alergias,ninguno,0,no,si,Fuera del sitio a mas de tres km,gobierno,si,Menos de 1 kilometro,Entre 51 y 75%,pesca,ninguno,menor a 25%,si,si,si,si,si,policia,no,identificacion de MNA,0,0,si,si,si,si,bueno,bueno,si,si no adecuada,agua saneamiento higiene medios de vida,no,si,no,no,no,si,no,no,distancia,si,no,no,no,no,no,,ninguno,,lider local,situacion origen,no,,,,2016-05-06T23:40:30,51
Ecuador,5/6/16,Masculino,1,Esmeraldas,Muisne,San Jose de Chamanga,,ESM_026,"Iglesia San Jose""""""glesia ""S""""l""",La loma,Albergue planificado,Parque o plaza,abierto,4/16/16,5/6/16,,0.267367595,-79.95419301,Urbano,,,,,,si,55,204,90,114,1,0,4,2,0,1,0,0,0,0,0,0,0,2,5,0,0,0,0,0,0,0,0,0,0,0,0,0,0,1,0,Lugar de origen,En el sitio a menos de 20 minutos,"Cisterna, tanques, pomas.",si mas de 2L,agua embotellada,si mas de 15L,tanquero,3,68,si,no,si,no,si,todos los dias,si,si,ninguno,ninguno,ninguno,0,si,si,En el sitio a menos de tres km,gobierno,si,Menos de 1 kilometro,Menos del 25%,pesca,pesca,menor a 25%,si,no,si,si,no,policia,no,ninguno,1,1,si,si,si,si,bueno,bueno,si,si adecuada,agua saneamiento higiene,no,si,no,no,no,no,no,no,otro,no,no,no,no,no,no,No hay la adecuada limpieza,ninguno,Hay que una persona con multi discapacidad.,ninguno,ninguno,no,,,,2016-05-06T23:43:41,58
Ecuador,5/5/16,Masculino,1,Esmeraldas,Muisne,Muisne,Pueblo Nuevo,ESM_027,Palma Junta,,Albergue planificado,Escuela,abierto,4/16/16,4/16/16,,0.645515555,-79.95765783,Rural,20,15,si,,,si,111,380,202,178,0,4,6,3,1,3,1,2,4,0,0,0,0,1,1,3,4,0,0,0,0,0,0,13,1,0,0,0,0,1,0,Lugar de origen,En el sitio a menos de 20 minutos,Tanques 1.300 litros,si mas de 2L,agua embotellada,si mas de 15L,tanquero,15,25,no,no,si,no,si,irregular,no,no,IRA,diarrea,IU,1,si,si,En el sitio a menos de tres km,gobierno,si,Menos de 1 kilometro,Mas del 76%,pesca,pesca,menor a 25%,no,no,no,si,no,policia,no,ninguno,1,0,si,si,si,si,bueno,bueno,si,no hay,agua saneamiento higiene comida,no,si,no,si,no,no,no,no,otro,no,no,no,no,no,no,No abastecen las raciones,ninguno,La comida no abastece para las necesidades de las personas.,ninguno,distribuciones,no,,,,2016-05-06T23:42:33,54
Ecuador,5/5/16,Masculino,1,Esmeraldas,Muisne,SAN FRANCISCO,El salto,ESM_028,Primero Ecuador,El salto,Albergue planificado,Lote abierto,abierto,4/17/16,5/6/16,,0.65693,-79.91824,Rural,10,20,si,,,si,10,33,16,17,0,0,2,1,0,0,0,0,0,0,0,0,0,0,0,0,0,0,0,1,1,0,0,0,0,0,0,0,0,0,0,Permancer en el mismo lugar,En el sitio a menos de 20 minutos,barril_200L,si mas de 2L,agua embotellada,si mas de 15L,tanquero,3,11,no,no,no,no,si,una vez por semana,no,no sabe,ninguno,ninguno,ninguno,0,no,no sabe,Fuera del sitio a menos de 3 km,gobierno,no,Entre 1 y 2 km,Menos del 25%,pesca,Ama de casa,menor a 25%,no,no,no,si,no,policia,no,busqueda familias,0,0,si,si,si,si,bueno,bueno,no,si no adecuada,agua saneamiento higiene salud comida educacion medios de vida,no,si,si,si,si,si,no,no,distancia,si,no,no,no,no,no,,ninguno,,ninguno,ninguno,no,,,,2016-05-06T23:39:48,45
Ecuador,5/6/16,Masculino,1,Esmeraldas,Muisne,SAN FRANCISCO,Bunche,ESM_029,"Refugio El Parque""""""efugio ""El""""fu""",,Albergue planificado,Parque o plaza,abierto,4/16/16,5/6/16,,0.64045,-80.03685,Rural,4,20,si,,,si,27,0,0,0,0,0,0,0,0,0,0,0,0,0,0,0,0,0,0,0,0,0,0,0,0,0,0,0,0,0,0,0,0,0,0,Lugar de origen,En el sitio a menos de 20 minutos,botellon,si mas de 2L,agua embotellada,si mas de 15L,Potable,4,0,si,no,si,no,si,irregular,si,si,ninguno,ninguno,ninguno,0,si,si,En el sitio a menos de tres km,gobierno,si,Entre 2 y 5 km,Mas del 76%,pesca,ninguno,mayor a 75%,si,no,si,si,no,policia,no,ninguno,1,0,no,si,si,si,excelente,excelente,si,si adecuada,bienes no alimentarios comida educacion,si,no,no,si,si,no,no,no,otro,no,no,no,no,no,no,Falta de ayuda hacia ese punto.,ninguno,,ninguno,accesso asistencia,no,,,,2016-05-06T23:43:43,59
Ecuador,5/5/16,Feminino,1,Esmeraldas,Muisne,SAN FRANCISCO,"Sector El Salto""""""ector ""El""""ct""",ESM_030,"Sector El Salto""""""ector ""El""""ct""",20 de Julio,Albergue planificado,Escuela,abierto,4/17/16,5/6/16,,0.643217174,-80.03001224,Rural,2,12,si,,,si,11,43,23,20,0,0,1,1,2,1,0,1,0,0,0,0,0,2,1,0,0,0,0,0,0,1,0,1,0,0,0,0,0,0,0,Permancer en el mismo lugar,En el sitio a menos de 20 minutos,Tanquero,si mas de 2L,agua embotellada,si mas de 15L,agua embotellada,4,11,no,no,si,no,no,dos veces por semana,no,no,,IRA,ninguno,0,no,si,Fuera del sitio a mas de tres km,gobierno,si,Menos de 1 kilometro,Entre 51 y 75%,agricultura,Ama de casa,menor a 25%,si,si,si,no,si,policia,si,identificacion de MNA,1,0,si,no,si,si,bueno,bueno,si,si no adecuada,agua saneamiento higiene,no,si,no,no,no,no,no,no,distancia,si,no,no,no,no,no,,ninguno,,ninguno,ninguno,no,,,,2016-05-06T23:43:34,55
Ecuador,5/6/16,Masculino,1,Esmeraldas,Muisne,San Jose de Chamanga,Pedernales,ESM_031,Unidad educativa chamanga,Colegio tecnico,Espontaneo,Escuela,abierto,4/18/16,5/6/16,"79.5727, 0.1616",0.271124505,-79.95776584,Rural,50,60,si,,,si,23,95,45,50,0,1,6,1,1,1,0,1,1,0,0,0,0,1,2,0,0,0,0,0,0,0,0,4,2,0,0,0,0,0,0,Lugar de origen,En el sitio a menos de 20 minutos,poma,si mas de 2L,agua embotellada,si mas de 15L,tanquero,6,16,no,no,no,no,si,dos veces por semana,no,no,IRA,ninguno,ninguno,0,si,si,En el sitio a menos de tres km,gobierno,si,Menos de 1 kilometro,Mas del 76%,pesca,pesca,entre 26 y 50%,no,si,no,si,no,policia,no,reunificacion,1,0,si,si,si,si,bueno,bueno,si,si adecuada,agua saneamiento higiene salud comida educacion medios de vida,no,si,si,si,si,si,no,no,distancia,si,no,no,no,no,no,,ninguno,,lider local,situacion origen,no,,,,2016-05-06T23:40:06,49
Ecuador,5/5/16,Masculino,1,Esmeraldas,Muisne,SAN FRANCISCO,Entrada de bumche,ESM_032,Urbano,,Albergue planificado,Lote abierto,abierto,4/17/16,5/6/16,,0.63777,-80.04306,Rural,5,20,si,,,si,27,73,35,38,0,1,1,2,0,0,0,0,3,0,6,0,0,4,5,0,0,0,0,2,1,0,0,4,6,0,0,0,0,0,0,Permancer en el mismo lugar,En el sitio a menos de 20 minutos,barril_200L,si mas de 2L,agua embotellada,si mas de 15L,tanquero,0,sin inodoros,no,no,no,no,no,dos veces por semana,no,no,diarrea,IRA,ninguno,0,no,si,En el sitio a menos de tres km,gobierno,si,Entre 1 y 2 km,Entre 26 y 50%,pesca,Ama de casa,menor a 25%,no,no,no,si,si,policia,no,busqueda familias,0,0,si,si,si,si,bueno,bueno,si,si no adecuada,agua saneamiento higiene salud comida educacion medios de vida,no,si,si,si,si,si,no,no,escombros danos,no,no,si,no,no,no,,ninguno,,lider local,situacion origen,no sabe,,,,2016-05-06T23:38:13,40
Ecuador,5/6/16,Masculino,1,Esmeraldas,Muisne,Muisne,Pueblo Nuevo- el relleno,ESM_033,Walter Vera,,Albergue planificado,Lote abierto,abierto,4/6/16,4/16/16,,0.62837,-80.005678,Rural,2,10,si,,,no,22,68,32,36,0,1,1,0,1,0,0,2,4,2,4,0,0,3,1,0,0,0,0,0,0,0,0,1,1,0,0,0,0,1,0,Permancer en el mismo lugar,En el sitio a menos de 20 minutos,poma,no,agua embotellada,no,pozo,3,23,no,no,si,no,no,irregular,no,no,IU,diarrea,ninguno,0,no,no,En el sitio a menos de tres km,gobierno,no,Entre 2 y 5 km,Entre 51 y 75%,agricultura,Ama de casa,entre 26 y 50%,no,no,no,no,no,ninguno,si,ninguno,1,0,no sabe,no,no,no,bueno,bueno,si,si no adecuada,agua saneamiento higiene salud comida educacion,no,si,si,si,si,no,no,no,otro,no,no,no,no,no,no,No es regular,ninguno,,ninguno,ninguno,no,,,,2016-05-06T23:39:38,42
Ecuador,4/5/16,Feminino,1,Manabi,Manta,Tarqui,,MAN_001,Barrio 20 de mayo,,Albergue planificado,Otro,abierto,4/16/16,5/5/16,No tiene fecha de cierre,-0.97270812,-80.71663897,Urbano,,,,30,,si,22,80,39,24,0,0,1,2,2,0,0,4,3,0,0,0,0,3,7,0,0,0,0,0,0,0,0,5,1,0,0,0,0,0,,Lugar de origen,desconocido,En tanque y sisternas,no,agua embotellada,no,tanquero,0,sin inodoros,no,no,no,no,no,irregular,no,no,IRA,Alergias,diarrea,0,no,no,Fuera del sitio a menos de 3 km,ninguno,no,Mas de 10 km,0%,ninguno,ninguno,menor a 25%,no,no,no,no,no,comunidad,no,ninguno,1,0,no,no,no,no,bueno,bueno,si,si no adecuada,bienes no alimentarios agua saneamiento higiene salud comida educacion medios de vida,si,si,si,si,si,si,no,no,diseno falta iluminacion falta accesso segregado,no,si,no,si,si,no,,si algunos,"No hay seguridad , necesitan iluminacion , necesitan viveres , agua , medicos, medicinas ayuda psicologica",ninguno,no sabe,no,,,,2016-05-05T22:46:30,9
Ecuador,5/5/16,Masculino,1,Manabi,Manta,Tarqui,,MAN_003,Barrio15 De septiembre,,Campamento,Otro,abierto,4/13/16,5/10/16,,-0.96267906,-80.72849034,Urbano,,,,250,,si,42,250,70,150,0,3,10,5,2,0,0,5,7,0,0,0,0,3,2,0,0,0,0,0,0,0,0,4,1,0,0,0,0,0,0,Pueblo mas cercano,En el sitio a menos de 20 minutos,barril_200L,no,agua embotellada,no,agua embotellada,0,sin inodoros,no,no,no,no,,nunca,no,no,Gripe,,,,no,no,ninguno,ninguno,no,ninguno,,pesca,,,si,no,no,no,si,ninguno,no,ninguno,0,0,no,no,no,no,bueno,bueno,si,no hay,agua saneamiento higiene salud comida,no,si,si,si,no,no,no,no,escombros danos,no,no,si,no,no,no,,ninguno,,radio noticias,seguridad,no,,,,2016-05-05T22:51:23,23
Ecuador,5/5/16,Feminino,1,Manabi,Manta,Tarqui,,MAN_004,Bellavista,,Espontaneo,Otro,abierto,4/16/16,5/31/16,,-0.959465465,-80.72539265,Urbano,,,,100,,si,39,150,40,110,0,3,3,3,1,0,0,15,3,0,0,0,0,3,4,0,0,0,0,0,0,0,0,1,0,0,0,0,0,1,1,Permancer en el mismo lugar,Fuera del sitio a mas de 20 minutos,sisterna,si mas de 2L,agua embotellada,si mas de 15L,tanquero,0,sin inodoros,no,no,no,no,no,irregular,no,no,diarrea,IRA,Ulcera peptica,0,no,no,Fuera del sitio a mas de tres km,gobierno,no,Entre 1 y 2 km,0%,pesca,no sabe,menor a 25%,no sabe,no,no,no,si,comunidad,no,ninguno,0,0,no sabe,no sabe,no sabe,no sabe,bueno,bueno,si,si adecuada,bienes no alimentarios agua saneamiento higiene salud comida educacion medios de vida,si,si,si,si,si,si,no,no,distancia seguridad,si,no,no,no,no,si,,si algunos,No hay ayuda,autoridades,seguridad,no,,,,2016-05-05T22:46:40,12
Ecuador,5/5/16,Masculino,1,Manabi,Montecristi,Montecristi,,MAN_005,Refugio cancha 5 de junio,Cancha 5 de junio,Campamento,Centro deportivo,abierto,4/16/16,5/11/16,Fecha de cierre aun no definida,-1.045486598,-80.65963801,Urbano,,,,60,,si,20,60,30,30,0,0,4,,1,0,0,0,0,0,0,0,0,0,3,0,0,0,0,0,0,0,0,2,0,0,0,0,0,1,0,Permancer en el mismo lugar,Fuera del sitio a mas de 20 minutos,Diferente tanques,no,agua embotellada,no,tanquero,0,sin inodoros,no,no,no,no,no responde,irregular,no,no,ninguno,ninguno,ninguno,0,si,no,En el sitio a menos de tres km,gobierno,no,Entre 1 y 2 km,Menos del 25%,no responde,Obreros,menor a 25%,no sabe,,no,no,si,ninguno,no,ninguno,0,0,si,no responde,no,no,excelente,bueno,si,si no adecuada,agua saneamiento higiene comida educacion,no,si,no,si,si,no,no,no,seguridad,no,no,no,no,no,si,,ninguno,,radio noticias,ninguno,no,,,,2016-05-05T22:49:27,16
Ecuador,5/6/16,Feminino,1,Manabi,Pedernales,PEDERNALES,,MAN_006,Colegio tecnico pedernales,Esperanza nueva vida,Albergue planificado,Otro,abierto,4/17/16,5/6/16,,0.065574975,-80.05388195,Urbano,,,,,,si,49,197,77,120,0,1,4,3,3,0,0,0,0,0,0,0,0,4,4,0,0,0,0,0,0,0,0,10,0,0,0,0,0,0,0,Lugar de origen,En el sitio a menos de 20 minutos,barril_200L,si mas de 2L,agua embotellada,si mas de 15L,tanquero,9,22,no,no,si,no,si,todos los dias,no,no,IRA,,,0,si,si,clinica movil,gobierno,no,no sabe,,pesca,Ama de casa,menor a 25%,no,no,no,si,no,combinado policia militares,si,ninguno,1,1,no,si,si,si,bueno,bueno,si,si no adecuada,ninguno,no,no,no,no,no,no,si,no,,,,,,,,,ninguno,"Lider de la comunidad molesto por servicios, y faltas de comida a su vez",radio noticias,Futuro tiempo de desplazamiento,si,Dentro de Ecuador,Canoa,otro,2016-05-07T01:43:07,89
Ecuador,5/6/16,Masculino,1,Manabi,Pedernales,Pedernales,Pedernales,MAN_007,Canchas via el Carmen,,Albergue planificado,Lote abierto,abierto,4/6/16,4/16/16,,0.073101226,-79.99884373,Rural,8,12,si,,,no,125,426,0,0,,,,,,,,,,,,,,,,,,,,,,,,,,,,,,,,Lugar de origen,En el sitio a menos de 20 minutos,Tanques,si mas de 2L,agua embotellada,si mas de 15L,tanquero,20,21,no,si,si,,si,una vez por semana,si,si,ninguno,ninguno,ninguno,,si,si,En el sitio a menos de tres km,gobierno,si,Menos de 1 kilometro,Menos del 25%,varios,,,no,no,,si,no,policia,no,,2,0,si,si,si,si,bueno,bueno,si,si adecuada,ninguno,no,no,no,no,no,no,si,no,,,,,,,,,,,telefonos celular,,,,,,2016-05-06T23:38:02,36
Ecuador,5/4/16,Feminino,1,Manabi,Rocafuerte,Rocafuerte,Roca fuerte,MAN_008,Club 24 de julio,Resbalon,Albergue planificado,Lote abierto,abierto,5/4/16,5/4/16,,-0.964063531,-80.43778037,Rural,9,5,si,4,,si,13,54,27,23,,1,2,1,3,,,1,1,,,,,,1,,,,,,,,,2,,,,27,23,,,Pueblo mas cercano,En el sitio a menos de 20 minutos,poma,si mas de 2L,agua embotellada,si mas de 15L,pozo,3,18,no,no,si,si,no,irregular,no,no,,,,0,si,si,En el sitio a menos de tres km,gobierno,si,Menos de 1 kilometro,Mas del 76%,jornalero,jornalero,no responde,no,no,si,no,no,policia,no,ninguno,1,1,no,si,si,si,excelente,excelente,si,no hay,comida,no,no,no,si,no,no,no,no,distancia escombros danos falta iluminacion,si,no,si,si,no,no,,si todos,Recobstruccion de las casas,familias amigos,albergues,no,,,,2016-05-07T01:38:20,64
Ecuador,5/5/16,Feminino,1,Manabi,Manta,Eloy Alfaro,,MAN_010,Emilio Bowen,Santa clara,Albergue planificado,Escuela,abierto,4/16/16,5/5/16,Aun no saben,-0.975177885,-80.70490596,Urbano,,,,100,,si,55,226,112,114,1,2,18,7,2,,,2,,,,2,,4,10,,,,,,,,,5,,,,,,1,,Lugar de origen,En el sitio a menos de 20 minutos,barril_200L,si mas de 2L,agua embotellada,no sabe,tanquero,8,28,si,si,si,si,si,todos los dias,si,si,diarrea,Vomitos,otro,,no sabe,no,Fuera del sitio a mas de tres km,gobierno,no,Entre 1 y 2 km,Menos del 25%,pesca,,menor a 25%,no sabe,no,no,si,si,combinado policia militares,no,identificacion de MNA,2,1,si,si,si,si,bueno,bueno,si,si adecuada,no sabe,no,no,no,no,no,no,no,si,otro,no,no,no,no,no,no,,si todos,En la area de salud no los quisieron ayudar .,autoridades,accesso asistencia,no,,,,2016-05-05T22:46:27,8
Ecuador,4/16/16,Masculino,1,Manabi,Manta,Manta,,MAN_011,Colegio Nacional Manta,,Albergue planificado,Escuela,abierto,5/5/16,5/7/16,Cambio de lugar debido a que el lugra ya esta funsionando con clases normales. Se instalara en terminar sector palmar.,-0.955520443,-80.72969623,Urbano,,,,400,,si,115,398,0,0,,,,,,,,,,,,,,,,,,,,,,,,,,,,,,,,Lugar de origen,En el sitio a menos de 20 minutos,poma,si mas de 2L,agua embotellada,si mas de 15L,agua embotellada,14,28,si,si,si,si,si,todos los dias,si,si,otro,otro,otro,,si,si,En el sitio a menos de tres km,gobierno,si,Menos de 1 kilometro,Entre 26 y 50%,pesca,pesca,menor a 25%,si,no,no,si,si,policia,no,identificacion de MNA,1,,si,si,si,si,excelente,excelente,si,si adecuada,salud,no,no,si,no,no,no,no,no,diseno,no,si,no,no,no,no,,ninguno,,lider local,ninguno,no,,,,2016-05-05T22:46:44,14
Ecuador,5/4/16,Masculino,1,Manabi,Manta,Portoviejo,,MAN_013,Colegio portoviejo,Colegio Portoviejo,Campamento,Otro,abierto,4/16/16,5/4/16,Es poca la ayuda que a llegado al albergue del colegio Portoviejo,-1.051757168,-80.45158812,Urbano,,,,80,Salieron dos familias porque si estan bien pero por el temor a su hogar,si,15,80,30,50,0,2,1,0,1,0,0,0,0,0,0,0,0,1,1,0,0,0,0,0,0,0,0,2,0,0,0,0,0,0,0,Permancer en el mismo lugar,En sitio a mas de 20 minutos,Tanques,si mas de 2L,tanquero,no,agua embotellada,5,16,no,si,no,no responde,si,irregular,no,no,neumonia,Diabetes,,0,no,si,Fuera del sitio a mas de tres km,gobierno,no,Menos de 1 kilometro,Menos del 25%,,,entre 26 y 50%,si,no,no,no,no,ninguno,si,ninguno,1,1,si,no responde,si,si,bueno,bueno,si,no hay,bienes no alimentarios,si,no,no,no,no,no,no,no,falta iluminacion,no,no,no,si,no,no,,ninguno,,lider local,seguridad,no,,,,2016-05-04T23:51:55,2
Ecuador,5/5/16,Masculino,1,Manabi,Portoviejo,ANDRES DE VERA,,MAN_014,Colegio uruguay,Colegio uruguay,Espontaneo,Escuela,abierto,4/16/16,5/19/16,Porque las autoridades se derivan a que acudan al albergue del ex aeropuerto,-1.06350607,-80.4473979,Urbano,,,,135,,si,35,130,30,50,,,10,3,,3,,2,12,,6,,1,2,4,,,,,,,,,1,1,,,,,,,Lugar de origen,En el sitio a menos de 20 minutos,sisterna,si mas de 2L,agua embotellada,si mas de 15L,Agua potable en tuberia,4,33,si,no,no,no,si,irregular,si,si,IRA,ninguno,ninguno,,si,si,En el sitio a mas de tres km,gobierno,no,ninguno,Menos del 25%,"Albanil, volcanizadora, electricista, mecanicos",ninguno,entre 26 y 50%,si,no,no,si,no,policia,no,ninguno,1,,si,si,si,si,bueno,bueno,si,si adecuada,bienes no alimentarios,si,no,no,no,no,no,no,no,otro,no,no,no,no,no,no,Falta d ayuda,ninguno,,lider local,seguridad,no,,,,2016-05-05T22:46:20,6
Ecuador,5/4/16,Masculino,1,Manabi,Portoviejo,ANDRES DE VERA,,MAN_015,Complejo Deportivo la California,Albergue la California,Albergue planificado,Centro deportivo,abierto,4/16/16,5/16/16,Fecha de cierre aun no determinada,-1.062338151,-80.47443413,Urbano,,,,60,,si,16,60,19,31,0,0,1,0,0,0,0,3,4,0,0,0,0,2,3,0,0,0,0,0,0,0,0,0,0,0,0,0,0,1,1,Permancer en el mismo lugar,desconocido,botellon,si mas de 2L,agua embotellada,si menos de 15L,tanquero,0,sin inodoros,no,si,si,no,no,irregular,no,no,ninguno,ninguno,ninguno,0,no,si,En el sitio a menos de tres km,gobierno,no,Menos de 1 kilometro,Entre 51 y 75%,comercio informal,comercio informal,entre 26 y 50%,si,no,no,si,no,autoridades locales,no,ninguno,1,0,si,si,si,si,excelente,excelente,si,si adecuada,bienes no alimentarios,si,no,no,no,no,no,no,no,distancia,si,no,no,no,no,no,,ninguno,,radio noticias,ninguno,no,,,,2016-05-04T23:51:58,3
Ecuador,5/5/16,Masculino,1,Manabi,Manta,Tarqui,,MAN_016,Corazones unido,,Albergue planificado,Centro deportivo,abierto,4/16/16,5/18/16,No tiene un determinado cierre,-0.96311779,-80.72429413,Urbano,,,,150,,si,20,50,22,32,,,1,,,,,,2,,,,,,2,,,,,,,,,1,,,,,,,,Lugar de origen,En el sitio a menos de 20 minutos,sisterna,si mas de 2L,agua embotellada,si mas de 15L,tanquero,2,25,si,si,si,si,no,todos los dias,si,si,IRA,"Tos , gripe, fiebre",neumonia,,no,si,En el sitio a menos de tres km,gobierno,si,Menos de 1 kilometro,0%,Albanil,Ama de casa,entre 26 y 50%,no sabe,no,no,no,no,comunidad,no,identificacion de MNA,,,si,si,si,si,bueno,bueno,si,si adecuada,comida educacion,no,no,no,si,si,no,no,no,distancia,si,no,no,no,no,no,,ninguno,,lider local,accesso asistencia,no,,,,2016-05-05T22:46:35,11
Ecuador,5/5/16,Masculino,1,Manabi,Manta,Eloy Alfaro,,MAN_017,El Cerrito,Maria Auxiliadora #2,Espontaneo,Otro,abierto,4/17/16,4/5/16,Fecha del cierre del albergue aun no definida,-0.976377751,-80.70797763,Urbano,,,,172,,si,51,167,87,85,1,0,0,3,1,1,0,1,1,0,0,0,0,2,5,0,0,0,0,0,0,0,0,3,0,0,0,0,0,1,0,Permancer en el mismo lugar,En el sitio a menos de 20 minutos,Tanque pero son prestados,si mas de 2L,agua embotellada,no,tanquero,1,167,no,no,no,no,no responde,irregular,no,no,Salmonela,diarrea,diarrea,0,no,no,En el sitio a menos de tres km,gobierno,no,Menos de 1 kilometro,Menos del 25%,Obreros,Obreros,menor a 25%,no,no,no,no,no,ninguno,no,ninguno,0,0,si,no,no,no,bueno,excelente,si,si no adecuada,bienes no alimentarios agua saneamiento higiene salud comida,si,si,si,si,no,no,no,no,seguridad,no,no,no,no,no,si,,ninguno,,radio noticias,accesso asistencia,no,,,,2016-05-05T22:49:29,17
Ecuador,5/6/16,Feminino,1,Manabi,Pedernales,Pedernales,,MAN_018,31 de Marzo,,Albergue planificado,Escuela,abierto,5/16/16,5/6/16,1 Albergue pero tiene 3 Refugios,0.06167424,-80.05777619,Urbano,,,,150,,si,59,279,0,0,1,6,10,5,3,0,0,2,3,0,0,0,0,7,4,0,0,0,0,0,0,0,0,10,0,0,0,0,0,,0,Lugar de origen,En el sitio a menos de 20 minutos,poma,si mas de 2L,agua embotellada,si mas de 15L,tanquero,6,47,si,si,si,si,si,todos los dias,no,no,IRA,IU,ninguno,0,si,no,Fuera del sitio a menos de 3 km,gobierno,no,Menos de 1 kilometro,Entre 51 y 75%,pesca,Ama de casa,menor a 25%,si,no,no,si,no,combinado policia militares,no,,1,1,no,si,si,si,bueno,bueno,si,si no adecuada,ninguno,no,no,no,no,no,no,si,no,otro,no,no,no,no,no,no,Ninguno,ninguno,,autoridades,situacion origen,no,,,,2016-05-07T01:38:48,76
Ecuador,5/5/16,Masculino,1,Manabi,Manta,Eloy Alfaro,,MAN_021,Escuela Jaime Roldosa,,Albergue planificado,Escuela,abierto,3/21/16,5/5/16,,-0.978047016,-80.7076236,Urbano,,,,112,,si,29,112,57,55,0,2,2,3,2,1,1,0,1,0,0,0,0,2,4,0,1,0,0,0,0,0,0,4,,0,0,0,0,1,,Pueblo mas cercano,En el sitio a menos de 20 minutos,poma,si mas de 2L,agua embotellada,si mas de 15L,tanquero,2,56,si,si,si,si,no,dos veces por semana,no,no,IRA,diarrea,Vomito,0,no,si,En el sitio a menos de tres km,gobierno,si,ninguno,Entre 51 y 75%,comercio informal,,menor a 25%,si,no,no,si,si,comunidad,si,ninguno,2,0,si,no,no,si,bueno,bueno,si,si no adecuada,agua saneamiento higiene comida,no,si,no,si,no,no,no,no,escombros danos,no,no,si,no,no,no,,si algunos,,radio noticias,seguridad,no,,,,2016-05-05T22:51:21,22
Ecuador,5/6/16,Masculino,1,Manabi,Chone,SANTA RITA,,MAN_025,Escuela Dr. Ricardo Alfonso Abad,Mario Loor,Albergue planificado,Escuela,abierto,4/17/16,5/6/16,No tiene limite en pocas palabras no tiene fecha fija.,-0.70202661,-80.07361496,Urbano,,,,34,No hay espacios ni aulas.,si,34,138,69,69,,,2,2,1,,1,,,1,2,,,1,2,,,,,,,,,4,1,,,,,,,Pueblo mas cercano,En el sitio a menos de 20 minutos,sisterna,si mas de 2L,sisterna,si mas de 15L,sisterna,10,14,si,si,si,si,si,todos los dias,si,si,malaria,diarrea,IRA,,si,si,En el sitio a menos de tres km,gobierno,si,Menos de 1 kilometro,Menos del 25%,agricultura,Ama de casa,entre 26 y 50%,si,no,si,no,no,comunidad,no,identificacion de MNA,,,si,si,si,si,bueno,bueno,si,si adecuada,salud comida educacion,no,no,si,si,si,no,no,no,distancia,si,no,no,no,no,no,,ninguno,,lider local,accesso asistencia,no,,,,2016-05-06T19:49:48,30
Ecuador,5/4/16,Feminino,1,Manabi,Rocafuerte,ROCAFUERTE,Rocafuerte,MAN_026,Simon Bolivar,,Albergue planificado,Escuela,abierto,5/16/16,5/5/16,,-0.956752353,-80.46920137,Rural,6,10,si,,,si,19,54,27,27,0,0,1,2,0,0,0,2,6,0,0,0,0,1,1,0,0,0,0,0,0,0,0,5,1,0,0,0,0,0,0,Lugar de origen,En el sitio a menos de 20 minutos,poma,no,agua embotellada,no,pozo,10,5,si,no,si,no,no,una vez por semana,no,no,Dolor de Cabeza,diarrea,,0,si,no,ninguno,no sabe,no,Menos de 1 kilometro,0%,jornalero,Ama de casa,entre 26 y 50%,si,no,no,si,no,policia,no,ninguno,0,0,no,si,si,si,bueno,bueno,si,si adecuada,agua saneamiento higiene comida educacion,no,si,no,si,si,no,no,no,distancia falta iluminacion,si,no,no,si,no,no,,ninguno,,familias amigos,distribuciones,no,,,,2016-05-07T01:38:28,67
Ecuador,5/6/16,Feminino,1,Manabi,San Vicente,CANOA,,MAN_027,Albergue Frente al Cementerio,Cancha del Pueblo,Albergue planificado,Lote abierto,abierto,4/16/16,5/6/16,,-0.46182749,-80.45210552,Urbano,,,,385,,si,85,385,0,0,,,7,4,3,,,,,,,,,3,4,,,,,,,,,,,,,,,,,Permancer en el mismo lugar,En el sitio a menos de 20 minutos,botellon,no,agua embotellada,no,agua embotellada,9,43,si,no,no,no,si,irregular,no,si,Dolor de Cabeza,diarrea,ninguno,0,si,si,En el sitio a menos de tres km,gobierno,no,Menos de 1 kilometro,Mas del 76%,Turismo,Turismo,menor a 25%,no,no,no,si,no,combinado policia militares,no,ninguno,2,2,no sabe,si,si,si,bueno,bueno,si,si adecuada,salud comida educacion,no,no,si,si,si,no,no,no,distancia diseno escombros danos,si,si,si,no,no,no,,si algunos,"Mala Planificacion por parte del Gobierno , quieren igualdad en base a la ayuda",lider local,como obtener informacion,no,,,,2016-05-07T01:38:54,79
Ecuador,5/6/16,Masculino,1,Manabi,Jaramijo,JARAMIJO,,MAN_028,Estadio cantonal Jarimijo,Estadio de la liga cantonal jaramijo,Espontaneo,Centro deportivo,abierto,4/26/16,5/6/16,No tiene fecha  de cierre,-0.9725663,-80.63950379,Urbano,,,,300,,si,67,251,126,125,3,1,17,1,2,1,1,1,0,0,0,0,0,3,5,1,0,0,0,0,0,0,0,12,0,0,0,,,0,0,Permancer en el mismo lugar,En el sitio a menos de 20 minutos,sisterna,si mas de 2L,agua embotellada,si menos de 15L,tanquero,8,31,si,si,si,si,si,todos los dias,no,no,ninguno,ninguno,ninguno,0,si,si,En el sitio a menos de tres km,gobierno,si,Mas de 10 km,Menos del 25%,pesca,ninguno,menor a 25%,no,no,no,si,si,combinado policia militares,si,reunificacion,1,1,si,si,si,si,bueno,bueno,si,si adecuada,agua saneamiento higiene salud,no,si,si,no,no,no,no,no,distancia,si,no,no,no,no,no,,si todos,Todo bien,lider local,accesso asistencia,no,,,,2016-05-06T19:49:46,29
Ecuador,5/4/16,Masculino,1,Manabi,Portoviejo,18 DE OCTUBRE,,MAN_029,Ex aeropuerto reales tamarindo portoviejo,No,Albergue planificado,Otro,abierto,4/17/16,5/4/17,Aun no saben,-1.045478914,-80.46920703,Urbano,,,,2000,,si,262,1082,492,578,3,7,30,30,14,4,5,0,0,0,0,1,2,10,25,6,2,0,0,0,0,0,0,30,1,0,0,0,0,0,2,Permancer en el mismo lugar,En el sitio a menos de 20 minutos,sisterna,si mas de 2L,agua embotellada,si mas de 15L,Planta purificadora de agua,80,14,si,si,si,si,si,todos los dias,si,si,diarrea,IU,Problemas de la piel,0,si,si,En el sitio a menos de tres km,gobierno,no sabe,Entre 1 y 2 km,0%,comercio informal,comercio informal,entre 26 y 50%,no sabe,no,no,si,si,combinado policia militares,si,,3,0,si,si,si,si,deficiente,bueno,si,si adecuada,ninguno,no,no,no,no,no,no,si,no,falta accesso segregado,no,no,no,no,si,no,,si algunos,,lider local,accesso asistencia,no,,,,2016-05-04T23:56:16,5
Ecuador,5/6/16,Feminino,1,Manabi,Jama,JAMA,,MAN_030,Jama Centro,Jama Centro 1,Campamento,Lote abierto,abierto,5/22/16,5/6/16,,-0.206771992,-80.26167504,Urbano,,,,100,,si,22,91,47,44,,2,0,,,,,,1,2,4,,,0,1,0,0,0,0,0,0,0,0,1,1,0,0,0,0,0,0,Lugar de origen,En el sitio a menos de 20 minutos,barril_200L,si mas de 2L,agua embotellada,si mas de 15L,tanquero,6,15,si,no,si,no,si,todos los dias,no,si,diarrea,Gripe,IRA,1,no,si,Fuera del sitio a menos de 3 km,gobierno,si,Menos de 1 kilometro,Menos del 25%,pesca,Ama de casa,menor a 25%,no,no,no,si,no,combinado policia militares,no,ninguno,1,0,si,si,si,si,bueno,bueno,si,si adecuada,comida educacion,no,no,no,si,si,no,no,no,distancia escombros danos,si,no,si,no,no,no,,ninguno,,lider local,Funtes de trabajo,no,,,,2016-05-07T01:38:39,72
Ecuador,5/5/16,Feminino,1,Manabi,Manta,Manta,,MAN_031,La dolorosa,Calle avenues 19 entre. Calle.8,Espontaneo,Otro,abierto,4/16/16,5/5/16,,-0.95252373,-80.72563024,Urbano,,,,80,,si,14,80,40,40,0,0,10,3,4,0,0,0,1,0,0,0,0,3,9,1,1,0,0,0,0,2,1,0,0,0,0,0,0,1,0,Lugar de origen,En el sitio a menos de 20 minutos,barril_200L,no,agua embotellada,no,Agua potable,0,sin inodoros,no,no,no,si,si,irregular,no,no,Gripe,Gastritis,dengue,0,no,no,ninguno,gobierno,no,ninguno,Menos del 25%,comercio informal,comercio informal,menor a 25%,no,no,no,no,no,comunidad,no,identificacion de MNA,1,0,no,no,no,no,excelente,deficiente,si,si adecuada,bienes no alimentarios agua saneamiento higiene salud comida educacion medios de vida,si,si,si,si,si,si,no,no,escombros danos seguridad,no,no,si,no,no,si,,si algunos,,lider local,seguridad,no,,,,2016-05-05T22:51:25,24
Ecuador,5/4/16,Feminino,1,Manabi,Rocafuerte,ROCAFUERTE,Rocafuerte,MAN_033,Tierras amarillas,Martha bucaran de roldos,Albergue planificado,Escuela,abierto,4/4/16,5/17/16,Los banos son inseguro y hay mosquitos * que lo estan queriendo cambiar de albergue pero sin embargo ellos nos quieren xq sus lugares son inseguro y cada familia cocina aparte,-0.949230178,-80.4708529,Rural,3,10,si,43,,si,11,43,22,21,0,1,0,0,0,0,1,28,15,13,0,0,0,2,2,0,0,0,0,0,0,0,0,1,1,0,0,0,0,0,0,Pueblo mas cercano,Fuera del sitio a mas de 20 minutos,Tanques y sisternas,no,tanquero,no,tanquero,5,9,no,no,no,no,no,irregular,no,no,IU,diarrea,conjuntivitis,,no,no,En el sitio a mas de tres km,gobierno,no,Menos de 1 kilometro,0%,agricultura,agricultura,menor a 25%,no,no,no,no,no,comunidad,si,ninguno,1,,si,no,no,no,bueno,bueno,si,si no adecuada,bienes no alimentarios agua saneamiento higiene salud educacion,si,si,si,no,si,no,no,no,distancia escombros danos falta iluminacion seguridad,si,no,si,si,no,si,,si todos,Las pequenas raciones q le den ellos se comparten entre todos xq no le entregan a cada familia sus raciones,radio noticias,ninguno,no,,,,2016-05-07T01:41:20,83
Ecuador,5/6/16,Masculino,1,Manabi,Manta,TARQUI,,MAN_037,Parque cristo rey,Cristo rey,Familias de acogida,Parque o plaza,abierto,4/16/16,5/6/16,Segun que en 20 dias los desalojan del parque y las hubicaran por el palmar a lado de la cancha toali.,-0.958417516,-80.71237129,Urbano,,,,300,,si,60,200,70,110,,3,2,,2,1,,10,30,,7,,,7,10,1,3,,,,,,1,20,2,,,,,,,Lugar de origen,En el sitio a menos de 20 minutos,sisterna,si mas de 2L,agua embotellada,si mas de 15L,Agua en tuberia,2,100,si,si,si,si,no,todos los dias,no,si,diarrea,Intoxicacion de comida ya preparadas.,Fiebre y dolor de estomago otra causa son los dolores musculares,,si,si,En el sitio a mas de tres km,Voluntariado de enfermeria.,si,Entre 2 y 5 km,Menos del 25%,pesca,Fabricas de pescado,entre 26 y 50%,si,no,no,si,si,combinado policia militares,no,identificacion de MNA,4,,si,si,si,si,bueno,deficiente,si,si adecuada,agua saneamiento higiene salud comida educacion,no,si,si,si,si,no,no,no,distancia escombros danos,si,no,si,no,no,no,,ninguno,,lider local,accesso asistencia,no,,,,2016-05-06T19:49:43,28
Ecuador,5/5/16,Masculino,1,Manabi,Montecristi,Montecristi,,MAN_038,Plaza civica,Concha custica,Espontaneo,Parque o plaza,abierto,4/16/16,5/5/16,sin espificicar el porque aun no salen del refugio,-1.047704398,-80.65977016,Urbano,,,,200,,si,28,87,30,50,,,,1,2,,,1,2,3,,,,4,3,,,,,,,,,4,3,,,,,,,Permancer en el mismo lugar,En el sitio a menos de 20 minutos,poma,no,agua embotellada,si mas de 15L,agua embotellada,6,15,si,no,si,no,no,irregular,no,no,diarrea,Infeccion de respiracion,otro,,no,no,En el sitio a menos de tres km,gobierno,no,Menos de 1 kilometro,no sabe,Albanil,Ama de casa,menor a 25%,no,no,no,no,no,comunidad,no,identificacion de MNA,,,si,si,si,si,bueno,no sabe,si,si adecuada,bienes no alimentarios agua saneamiento higiene salud comida educacion,si,si,si,si,si,no,no,no,distancia,si,no,no,no,no,no,,ninguno,Todos se quieren,lider local,seguridad,no,,,,2016-05-05T22:46:22,7
Ecuador,5/4/16,Masculino,1,Manabi,Portoviejo,ANDRES DE VERA,,MAN_039,Parque mamey,El mamey,Campamento,Parque o plaza,abierto,4/16/16,5/4/16,Continua,-1.063295452,-80.45432726,Urbano,,,,400,,no,82,303,126,177,0,0,2,2,5,0,2,4,0,0,0,0,0,0,20,0,0,0,0,0,0,0,,4,0,0,,,,5,1,Lugar de origen,En el sitio a menos de 20 minutos,sisterna,si mas de 2L,agua embotellada,si mas de 15L,agua embotellada,4,76,no,no,si,no,no,irregular,no,no,IU,IRA,IU,,si,si,En el sitio a menos de tres km,gobierno,si,Mas de 10 km,0%,comercio informal,ninguno,mayor a 75%,no,si,no,si,no,policia,no,ninguno,1,,si,si,si,si,bueno,bueno,si,si adecuada,comida,no,no,no,si,no,no,no,no,distancia,si,no,no,no,no,no,,ninguno,,lider local,Cerco,no,,,,2016-05-04T23:56:02,4
Ecuador,5/4/16,Masculino,1,Manabi,Portoviejo,18 DE OCTUBRE,,MAN_040,Parque Juan Leon.mera,,Espontaneo,Parque o plaza,abierto,4/17/16,5/4/16,,-1.056704179,-80.45566987,Urbano,,,,30,,si,30,250,125,125,0,0,12,3,0,1,0,10,15,15,15,0,0,40,60,5,0,0,0,0,0,0,0,20,0,0,0,0,0,0,0,Permancer en el mismo lugar,En el sitio a menos de 20 minutos,Agua corrientes,si mas de 2L,tanquero,si mas de 15L,tanquero,30,8,si,si,si,si,si,cada dos semanas,si,si,"Tos, hinchazon, hipertension",IRA,,0,no,no,,ninguno,si,Menos de 1 kilometro,Mas del 76%,comercio informal,,mayor a 75%,si,no,no,si,no,policia,no,,1,0,si,si,si,si,bueno,bueno,si,si adecuada,ninguno,no,no,no,no,no,no,si,no,,,,,,,,,ninguno,,radio noticias,ninguno,no,,,,2016-05-04T21:42:25,1
Ecuador,5/5/16,Masculino,1,Manabi,Portoviejo,ANDRES DE VERA,,MAN_044,Puerto real,,Albergue planificado,Parque o plaza,abierto,4/11/16,4/16/16,,-1.063768902,-80.45071631,Urbano,,,,100,,si,35,80,36,43,,,3,2,0,0,0,2,3,0,0,0,0,4,3,0,0,0,0,0,0,0,0,0,0,0,0,0,0,0,0,Lugar de origen,desconocido,botellon,no,agua embotellada,no,agua embotellada,0,sin inodoros,no,no,no,no,si,no sabe,no,no,dengue,ninguno,ninguno,0,si,si,Fuera del sitio a mas de tres km,gobierno,si,Mas de 10 km,Menos del 25%,comercio informal,comercio informal,entre 26 y 50%,si,no,no,si,no,comunidad,no,ninguno,1,0,no,no,no,no,bueno,bueno,si,si no adecuada,bienes no alimentarios,si,no,no,no,no,no,no,no,falta iluminacion,no,no,no,si,no,no,,si algunos,,lider local,seguridad,no,,,,2016-05-05T22:51:16,21
Ecuador,5/5/16,Masculino,1,Manabi,Portoviejo,ANDRES DE VERA,,MAN_045,Albergue Seminario San Pedro,Seminario San Pedro,Albergue planificado,Otro,abierto,4/16/16,5/5/16,Fecha aun no definida del cierre del albergue,-1.06520175,-80.44389579,Urbano,,,,100,,si,14,100,40,60,0,1,1,1,0,0,0,10,14,0,0,0,0,3,2,,,,,,,,,12,5,0,0,0,,0,0,Permancer en el mismo lugar,Fuera del sitio a menos de 20 minutos,poma,no,agua embotellada,si mas de 15L,agua embotellada,0,sin inodoros,no,no,no,no,no,irregular,no,no,dengue,dengue,ninguno,0,no,no,En el sitio a menos de tres km,gobierno,no,Menos de 1 kilometro,Menos del 25%,ninguno,ninguno,menor a 25%,no,no,si,no,no,ninguno,no,ninguno,0,0,si,si,si,si,bueno,bueno,si,no hay,bienes no alimentarios agua saneamiento higiene salud comida ninguno,si,si,si,si,no,no,si,no,seguridad,no,no,no,no,no,si,,ninguno,No hay ningun lugar donde los ninos puedan recrearse,lider local,accesso asistencia,no,,,,2016-05-05T22:49:24,15
Ecuador,5/5/16,Feminino,1,Manabi,San Vicente,SAN VICENTE,,MAN_047,Unesum,Progreso via el balsamo,Albergue planificado,Otro,abierto,4/16/16,4/16/16,,-0.587255183,-80.39271197,Urbano,,,,320,,no_sabe,79,320,152,168,0,4,18,5,4,0,0,4,7,0,0,0,0,12,13,0,0,0,0,0,0,0,0,20,0,0,0,0,0,0,0,,En el sitio a menos de 20 minutos,botellon,no,agua embotellada,si mas de 15L,tanquero,6,53,si,si,si,si,si,dos veces por semana,si,si,IRA,malaria,ninguno,0,si,si,clinica movil,gobierno,si,Entre 2 y 5 km,,agricultura,ninguno,menor a 25%,si,no,no sabe,si,no,militares,si,ninguno,0,0,no sabe,si,si,si,bueno,no sabe,si,si adecuada,ninguno,no,no,no,no,no,no,si,no,,,,,,,,,ninguno,,radio noticias,registro,no,,,,2016-05-07T01:41:39,84
Ecuador,5/4/16,Masculino,1,Manabi,Rocafuerte,ROCAFUERTE,Cerrito,MAN_048,Comunidad Angel H.Cedeno,,Albergue planificado,Escuela,abierto,5/16/16,5/5/16,,-0.883720057,-80.49332647,Rural,1,0,si,,Lunes empienzan clases tienen que despejar,si,9,48,16,32,0,0,2,3,0,0,0,4,1,0,0,0,0,5,2,3,,0,0,1,0,0,0,2,0,0,0,0,0,0,0,Lugar de origen,Fuera del sitio a menos de 20 minutos,poma,no,agua embotellada,no,Tuberia,4,12,no,no,si,no,si,una vez por semana,no,no,diarrea,Fiebre,Dolor de cabeza,0,si,no,Fuera del sitio a menos de 3 km,gobierno,no,Menos de 1 kilometro,0%,jornalero,jornalero,menor a 25%,no,no,no,no,no,comunidad,no,ninguno,1,0,no,si,si,si,bueno,bueno,si,si adecuada,ninguno,no,no,no,no,no,no,si,no,,,,,,,,,si algunos,Ancianos con diabetes acceso limitado a medicinas,radio noticias,situacion origen,no,,,,2016-05-07T01:38:30,68
Ecuador,5/5/16,Masculino,1,Manabi,Manta,TARQUI,,MAN_049,Unidad Educativa Luis Espinoza Martinez,Calle 9 de octubre  y efrain Alava,Espontaneo,Escuela,abierto,4/16/16,5/5/16,No tiene definida,-0.973093053,-80.71836657,Urbano,,,,250,Espacio hay pero no hay instalaciones por ejemplo grados,si,27,150,54,96,,1,1,,,2,,30,80,,,,,2,3,,,,,,,,,1,,,,,,,,Lugar de origen,En el sitio a menos de 20 minutos,sisterna,no,agua embotellada,si mas de 15L,agua embotellada,10,15,no,no,si,no,si,irregular,no,si,IRA,otro,otro,,no,si,En el sitio a menos de tres km,Organizacion Internacional,si,Menos de 1 kilometro,Entre 26 y 50%,otro,Ama de casa,entre 26 y 50%,si,no,no,si,si,policia,no,identificacion de MNA,1,,si,si,si,si,excelente,bueno,si,si adecuada,agua saneamiento higiene salud comida,no,si,si,si,no,no,no,no,distancia,si,no,no,no,no,no,,ninguno,,lider local,accesso asistencia,no,,,,2016-05-05T22:46:42,13
Ecuador,5/6/18,Masculino,1,Manabi,FLAVIO ALFARO,FLAVIO ALFARO,Flavio alfaro,MAN_050,Unidad Educativa Lusmila Arteaga Andrade,Unidad educativa lusmila Artegea Andrade,Albergue planificado,Escuela,abierto,4/18/16,5/8/16,Aun fecha no definida,-0.326865792,-79.76104734,Rural,5,15,si,42,,si,14,42,25,17,0,1,3,0,0,0,0,0,0,0,0,0,0,0,0,0,0,0,0,0,0,0,0,0,0,0,0,0,0,0,0,Permancer en el mismo lugar,En el sitio a menos de 20 minutos,Tanques,si mas de 2L,agua embotellada,si mas de 15L,tanquero,2,21,no,no,no,no,si,dos veces por semana,si,si,diarrea,ninguno,ninguno,0,si,si,En el sitio a menos de tres km,gobierno,si,Menos de 1 kilometro,Menos del 25%,agricultura,agricultura,entre 26 y 50%,si,no,si,si,si,combinado policia militares,no,ninguno,1,0,si,si,si,si,excelente,excelente,si,si adecuada,ninguno,no,no,no,no,no,no,si,no,distancia,si,no,no,no,no,no,,ninguno,,radio noticias,accesso asistencia,no,,,,2016-05-07T00:48:57,62
Ecuador,5/5/16,Masculino,1,Manabi,MANTA,TARQUI,,MAN_051,Casa comunal urbi rios #1,Casa comunal,Albergue planificado,Otro,abierto,4/16/16,5/18/16,Fecha del cierre del albergue aun no definida,-0.98209242,-80.72318203,Urbano,,,,54,,si,13,54,27,27,0,0,5,1,0,0,0,0,0,0,0,0,0,1,1,0,0,0,0,0,0,0,0,3,1,1,0,0,0,,2,Permancer en el mismo lugar,En el sitio a menos de 20 minutos,Tanques,no,agua embotellada,si mas de 15L,tanquero,1,54,no,no,no,no,no responde,Consigue los alimentos de SU propio bolsillo,no,no,diarrea,dengue,diarrea,0,si,si,En el sitio a menos de tres km,gobierno,no,Menos de 1 kilometro,Menos del 25%,Obreros,Obreros,menor a 25%,si,no,no,si,no,policia,no,ninguno,0,0,si,si,si,si,bueno,excelente,si,si adecuada,bienes no alimentarios agua saneamiento higiene salud,si,si,si,no,no,no,no,no,distancia escombros danos,si,no,si,no,no,no,,ninguno,,radio noticias,accesso asistencia,no,,,,2016-05-05T22:49:32,18
Ecuador,5/5/16,Feminino,1,Manabi,SAN VICENTE,CANOA,Canoa,MAN_052,Via rio canoa,,Espontaneo,Lote abierto,abierto,4/16/16,5/6/16,,-0.460956938,-80.44674546,Rural,1,0,si,,,si,14,35,13,22,0,0,1,0,0,1,0,1,0,0,0,0,0,1,1,0,0,0,0,0,0,0,0,0,0,0,0,0,0,1,0,Lugar de origen,En el sitio a menos de 20 minutos,Cisterna,si mas de 2L,agua embotellada,si mas de 15L,agua embotellada,0,sin inodoros,no,no,no,no,si,todos los dias,no,no,diarrea,IRA,,0,si,si,Fuera del sitio a menos de 3 km,no sabe,no,Menos de 1 kilometro,Menos del 25%,pesca,Ama de casa,menor a 25%,no,no,no,si,no,policia,si,ninguno,0,0,no,no,si,si,excelente,bueno,si,no hay,ninguno,no,no,no,no,no,no,si,no,seguridad,no,no,no,no,no,si,,ninguno,,radio noticias,Temblores,si,en exterior,Colombia,otro,2016-05-07T01:38:41,73
Ecuador,5/5/16,Masculino,1,Manabi,MANTA,MANTA,,MAN_053,Virgen de Guadalupe,Virgen de Guadalupe,Albergue planificado,Otro,abierto,4/16/16,5/5/16,Fecha de cierre de albergue aun no definida,-0.953733772,-80.72576391,Urbano,,,,16,,si,5,16,7,9,0,0,1,0,1,1,0,1,1,0,0,0,0,1,1,0,0,0,0,0,0,0,0,1,0,0,0,0,0,0,0,Permancer en el mismo lugar,En el sitio a menos de 20 minutos,Tanques y cisternas,si menos de 2L,agua embotellada,si mas de 15L,tanquero,1,16,no,no,no,si,si,una vez por semana,no,no,diarrea,diarrea,ninguno,0,no,no,En el sitio a menos de tres km,Organizacion Internacional,no,Menos de 1 kilometro,Menos del 25%,Tecnico operador,pesca,menor a 25%,no,no,si,si,si,ninguno,si,ninguno,0,0,si,no,no,no,excelente,excelente,si,si adecuada,bienes no alimentarios ninguno,si,no,no,no,no,no,si,no,seguridad,no,no,no,no,no,si,,ninguno,,radio noticias,accesso asistencia,no,,,,2016-05-05T22:49:34,19
Ecuador,5/5/16,Feminino,1,Manabi,SUCRE,BAHIA DE CARAQUEZ,,MAN_054,Barrio El Astillero,Lastillero,Espontaneo,Lote abierto,abierto,5/5/16,5/5/16,,-0.61026596,-80.4257542,Urbano,,,,40,,si,13,44,23,21,,1,0,,,,,3,3,,,,,3,1,,,,,,,,,1,,,,23,21,,,Pueblo mas cercano,En el sitio a menos de 20 minutos,barril_200L,no,agua embotellada,no,tanquero,0,sin inodoros,no,no,no,no,si,irregular,no,no,diarrea,,,,no,si,En el sitio a menos de tres km,gobierno,si,Menos de 1 kilometro,Mas del 76%,Albanil,Empleada publica,menor a 25%,si,no,no,si,no,policia,no,reunificacion,1,1,no,si,si,si,excelente,excelente,si,si adecuada,salud,no,no,si,no,no,no,no,no,otro,no,no,no,no,no,no,Ninguno,ninguno,si Ayuda y reconstruccion de casa y alimentacion carpas,radio noticias,accesso asistencia,no,,,,2016-05-07T01:38:25,66
Ecuador,5/6/16,Feminino,1,Manabi,JAMA,JAMA,Jama,MAN_056,Don juan,,Espontaneo,Lote abierto,abierto,5/6/16,5/6/16,,-0.142844319,-80.23008918,Rural,15,15,no,114,,si,26,114,67,46,0,2,4,0,0,1,0,0,4,1,7,0,0,3,3,0,0,0,0,0,0,0,0,0,0,0,0,0,0,0,0,Lugar de origen,En el sitio a menos de 20 minutos,barril_200L,si mas de 2L,agua embotellada,si mas de 15L,tanquero,8,14,no,no,si,no,si,todos los dias,no,si,IRA,diarrea,Vomito,0,no,no,ninguno,gobierno,no,Menos de 1 kilometro,,pesca,Ama de casa,entre 26 y 50%,si,no,no,si,no,militares,no,ninguno,0,0,no,si,si,si,bueno,bueno,si,si no adecuada,ninguno,no,no,no,no,no,no,si,no,escombros danos falta iluminacion,no,no,si,si,no,no,,ninguno,,autoridades,como obtener informacion,no,,,,2016-05-07T01:43:04,88
Ecuador,5/6/16,Masculino,1,Manabi,PEDERNALES,PEDERNALES,,MAN_057,El amor de Dios,Km 3 via al Carmen,Campamento,Otro,abierto,4/17/16,5/6/16,,0.076667955,-80.0257714,Urbano,,,,,Acampan al filo de la vereda.,si,25,160,70,90,1,1,10,1,0,,,10,20,,,,,5,5,0,0,0,0,6,6,0,0,15,5,0,0,0,0,0,0,Lugar de origen,En el sitio a menos de 20 minutos,barril_200L,si mas de 2L,agua embotellada,si mas de 15L,pozo,0,sin inodoros,no,no,,no,no,nunca,no,no,IRA,diarrea,ninguno,0,no,no,Fuera del sitio a menos de 3 km,gobierno,no,Menos de 1 kilometro,Mas del 76%,jornalero,Ama de casa,menor a 25%,no,no,no,no,no,comunidad,no,ninguno,1,0,si,si,si,si,bueno,bueno,si,no hay,bienes no alimentarios agua saneamiento higiene salud comida educacion medios de vida,si,si,si,si,si,si,no,no,distancia,si,no,no,no,no,no,,si algunos,,telefonos celular,accesso asistencia,no,,,,2016-05-06T23:43:50,53
Ecuador,5/6/16,Feminino,1,Manabi,JAMA,EL MATAL,Jama,MAN_058,El matal,El matal,Familias de acogida,Lote abierto,abierto,5/16/16,5/6/16,,-0.187993375,-80.29196442,Rural,8,15,si,504,,si,107,504,241,263,2,1,6,4,3,,,,3,15,15,0,0,14,15,,,,,,,,,6,1,,,241,263,,,Permancer en el mismo lugar,En el sitio a menos de 20 minutos,Tanques,si mas de 2L,agua embotellada,si mas de 15L,tanquero,14,36,no,no,si,no,si,todos los dias,no,si,IRA,diarrea,"Dolor de Cabeza , Gripe",0,no,no,Fuera del sitio a mas de tres km,gobierno,si,Menos de 1 kilometro,Menos del 25%,pesca,Ama de casa,menor a 25%,no,no,no,si,no,combinado policia militares,si,,1,1,no,si,si,si,bueno,bueno,si,si adecuada,salud educacion,no,no,si,no,si,no,no,no,distancia escombros danos,si,no,si,no,no,no,,si todos,"Levantamiento de escombros,Necesitan eduacacion",lider local,albergues,no,,,,2016-05-07T01:38:32,69
Ecuador,5/5/16,Feminino,1,Manabi,SUCRE,BAHIA DE CARAQUEZ,Canoa,MAN_059,Estadio nana marin,,Campamento,Centro deportivo,abierto,4/16/16,5/6/16,,-0.62234118,-80.42902271,Rural,1,0,no,,,si,36,163,71,92,0,3,10,2,1,0,0,0,1,0,0,0,0,2,5,0,0,0,0,0,0,0,0,0,0,0,0,0,0,0,0,Lugar de origen,En el sitio a menos de 20 minutos,botellon,no,agua embotellada,no,tanquero,6,27,si,si,si,si,si,todos los dias,no,no,dengue,diarrea,Dolor de cabeza,0,si,si,En el sitio a menos de tres km,gobierno,no,Menos de 1 kilometro,Menos del 25%,pesca,Ama de casa,menor a 25%,no,no,no,si,no,militares,no,ninguno,1,0,no responde,si,si,si,bueno,bueno,si,no hay,agua saneamiento higiene salud,no,si,si,no,no,no,no,no,falta iluminacion,no,no,no,si,no,no,,ninguno,"Iluminacion necesaria ,falta de colchones,estan durmiendo en el piso",Mies,situacion origen,no,,,,2016-05-07T01:38:43,74
Ecuador,5/6/16,Feminino,1,Manabi,JAMA,JAMA,Matal,MAN_060,Gualberto Cevallos #2,,Espontaneo,Otro,abierto,5/16/16,5/6/16,,-0.19142511,-80.28897872,Rural,1,0,si,,,si,163,0,0,0,0,4,20,3,5,0,0,10,10,0,0,0,1,5,5,0,0,0,0,0,0,0,0,4,10,0,0,0,0,0,0,Lugar de origen,Fuera del sitio a mas de 20 minutos,barril_200L,no,agua embotellada,no,tanquero,2,0,no,no,no,no,no,irregular,no,no,IU,diarrea,Dolor de cabeza,0,no,no,Fuera del sitio a mas de tres km,ONG,no,Menos de 1 kilometro,Menos del 25%,pesca,Ama de casa,menor a 25%,no,no,no,no,si,policia,si,reunificacion,0,0,no,si,si,si,deficiente,bueno,si,no hay,agua saneamiento higiene salud comida,no,si,si,si,no,no,no,no,distancia falta iluminacion falta accesso segregado,si,no,no,si,si,no,,ninguno,,no sabe,como obtener informacion,no,,,,2016-05-07T01:38:35,70
Ecuador,5/6/16,Feminino,1,Manabi,JAMA,JAMA,,MAN_061,Los almendros,Los almendros,Espontaneo,Lote abierto,abierto,4/16/16,5/6/16,Ellos quieren establecer su propio albergue no quieren otro lugar por temor a perder sus pangas con el cual son su fuente de trabajo,-0.18445,-80.28898611,Urbano,,,,,,no,18,0,0,0,0,1,0,0,0,0,0,2,1,0,0,0,0,3,3,0,0,0,0,0,0,0,0,0,0,0,0,0,0,0,0,,Fuera del sitio a mas de 20 minutos,barril_200L,no,agua embotellada,si mas de 15L,tanquero,6,0,si,no,no,no,si,una vez por semana,si,si,IRA,IU,diarrea,0,si,si,En el sitio a menos de tres km,gobierno,no sabe,Entre 5 y 10 km,,pesca,Ama de casa,,no,no,no,no,no,ninguno,no,ninguno,0,0,no sabe,si,si,si,bueno,deficiente,si,no hay,bienes no alimentarios comida,si,no,no,si,no,no,no,no,escombros danos,no,no,si,no,no,no,,si algunos,No tienen duchas se banan a aire libre,radio noticias,albergues,no,,,,2016-05-07T01:43:02,87
Ecuador,5/6/16,Masculino,1,Manabi,JAMA,JAMA,Jama,MAN_062,Matal,Laboratorios,Espontaneo,Otro,abierto,4/18/16,5/6/16,,-0.18473647,-80.29127581,Rural,5,0,si,,,si,14,60,20,40,0,1,2,2,0,1,0,1,1,0,0,0,0,2,3,0,0,0,0,0,0,0,0,0,1,0,0,0,0,0,0,Permancer en el mismo lugar,En el sitio a menos de 20 minutos,poma,si mas de 2L,agua embotellada,si mas de 15L,agua embotellada,2,30,si,si,no,no,si,irregular,no,no,IU,IRA,diarrea,0,no,no sabe,En el sitio a menos de tres km,gobierno,si,Menos de 1 kilometro,Menos del 25%,pesca,Ama de casa,menor a 25%,no,no,no,si,no,combinado policia militares,no,ninguno,0,0,no,si,si,si,bueno,bueno,si,no hay,ninguno,no,no,no,no,no,no,si,no,falta iluminacion,no,no,no,si,no,no,,si todos,Falta de iluminacion,familias amigos,albergues,no,,,,2016-05-07T01:39:01,82
Ecuador,5/6/16,Feminino,1,Manabi,JAMA,JAMA,,MAN_063,Miguelillo 2,Miguelillo 2,Espontaneo,Lote abierto,abierto,4/16/16,5/6/16,,-0.184344,-80.288722,Urbano,,,,,,no,26,92,38,54,1,0,2,1,0,0,0,2,2,0,0,0,0,3,1,0,0,0,0,0,0,0,0,1,1,0,0,0,0,,1,,Fuera del sitio a mas de 20 minutos,barril_200L,si menos de 2L,agua embotellada,si mas de 15L,tanquero,33,3,no,no,no,no,no,dos veces por semana,si,si,heridas,IU,IRA,0,no,si,En el sitio a menos de tres km,gobierno,si,Entre 5 y 10 km,Entre 51 y 75%,pesca,pesca,menor a 25%,no,no,no,no,no,comunidad,si,ninguno,0,0,no sabe,no,no,no,bueno,bueno,si,si no adecuada,bienes no alimentarios comida,si,no,no,si,no,no,no,no,escombros danos,no,no,si,no,no,no,,si algunos,,familias amigos,accesso asistencia,no,,,,2016-05-07T01:43:00,86
Ecuador,5/5/16,Feminino,1,Manabi,SAN VICENTE,CANOA,San Vicente,MAN_064,Nueva Esperanza,La Esplanada,Campamento,Escuela,abierto,4/27/16,5/5/16,,-0.463528922,-80.45319562,Rural,17,25,si,176,,si,39,176,71,105,0,0,4,,4,,2,2,1,0,,,,4,3,0,0,0,0,0,0,0,0,5,3,0,0,1,1,0,0,Lugar de origen,En el sitio a menos de 20 minutos,barril_200L,no sabe,agua embotellada,si menos de 15L,agua embotellada,8,22,no,no,si,si,si,dos veces por semana,si,si,ninguno,ninguno,ninguno,0,si,si,En el sitio a menos de tres km,Veris,no,Menos de 1 kilometro,no sabe,pesca,pesca,,,no,no,si,no,combinado policia militares,no,ninguno,1,,no,si,si,si,bueno,bueno,si,si adecuada,ninguno,no,no,no,no,no,no,si,no,otro,no,no,no,no,no,no,,ninguno,,telefonos celular,Temblores,no,,,,2016-05-07T01:42:55,85
Ecuador,5/5/16,Feminino,1,Manabi,SAN VICENTE,CANOA,,MAN_065,Parque de las Madres,Barrio 27 de Octubre,Albergue planificado,Otro,abierto,5/16/16,5/6/16,,,,Urbano,,,,50,,si,16,50,20,30,0,0,1,0,0,0,0,5,3,0,0,2,3,1,1,0,0,0,0,0,0,0,0,0,0,0,0,0,0,0,0,Permancer en el mismo lugar,Fuera del sitio a menos de 20 minutos,botellon,si menos de 2L,agua embotellada,si menos de 15L,tanquero,1,50,si,no,no,no,no,una vez por semana,si,si,IRA,diarrea,Dolor de Cabeza,0,si,si,En el sitio a menos de tres km,gobierno,no,Menos de 1 kilometro,Menos del 25%,ninguno,Ama de casa,menor a 25%,no,no,no,si,no,combinado policia militares,si,busqueda familias,2,2,si,si,si,si,bueno,deficiente,si,no hay,agua saneamiento higiene comida,no,si,no,si,no,no,no,no,distancia escombros danos,si,no,si,no,no,no,,si algunos,"Reconstrucion de Casas , necesitan carpas",radio noticias,accesso asistencia,no,,,,2016-05-07T01:38:52,78
Ecuador,5/5/16,Feminino,1,Manabi,SAN VICENTE,CANOA,Canoa,MAN_066,Paso.late-via rio canoa,,Albergue planificado,Lote abierto,abierto,4/16/16,5/6/16,,-0.46142613,-80.44767506,Rural,1,0,no,,,si,35,172,0,0,0,0,6,0,0,1,0,2,4,0,0,0,0,3,3,0,0,0,0,0,0,1,2,2,1,0,0,2,2,1,0,Lugar de origen,Fuera del sitio a mas de 20 minutos,barril_200L,no,tanquero,no,tanquero,4,43,si,si,no,si,no,irregular,no,no,diarrea,IRA,zika,0,si,si,Fuera del sitio a menos de 3 km,gobierno,no,Menos de 1 kilometro,Menos del 25%,Turismo,Turismo,menor a 25%,no,no,no,no,no,policia,no,ninguno,0,0,no,si,si,si,deficiente,deficiente,si,si no adecuada,ninguno,no,no,no,no,no,no,si,no,falta iluminacion,no,no,no,si,no,no,,ninguno,Hay problemas en comidad-refugiados,telefonos celular,Temblores,no,,,,2016-05-07T01:38:56,80
Ecuador,5/6/16,Masculino,1,Manabi,Flavio Alfaro,Flavio Alfaro,,MAN_068,SNH,SNH,Albergue planificado,Escuela,abierto,4/18/16,5/6/16,,,,Urbano,,,,42,,si,14,42,6,7,0,0,5,0,0,0,0,0,0,0,0,0,0,0,0,0,0,0,0,0,0,0,0,1,3,0,0,0,0,0,0,Pueblo mas cercano,,barril_200L,si mas de 2L,tanquero,si mas de 15L,tanquero,1,42,no,no,si,no,si,dos veces por semana,si,si,,diarrea,ninguno,0,si,si,En el sitio a menos de tres km,gobierno,no,Menos de 1 kilometro,Menos del 25%,agricultura,agricultura,menor a 25%,no,no,si,si,no,policia,no,ninguno,1,1,si,si,si,si,bueno,bueno,si,si no adecuada,ninguno,no,no,no,no,no,no,si,no,seguridad,no,no,no,no,no,si,,si todos,,radio noticias,accesso asistencia,no,,,,2016-05-07T00:51:37,63
Ecuador,5/7/16,Feminino,1,Manabi,Bolivar,Calceta,,MAN_069,Escuela heroes alto del cenepa,Las Juanitas,Albergue planificado,Escuela,abierto,4/16/16,5/7/16,No tiene ducha se bana en aire libre o en el rio,-0.85444269,-80.15463043,Rural,,,,18,,si,5,18,12,6,0,0,0,0,0,0,0,2,2,5,1,0,0,2,1,0,0,0,0,0,0,0,0,0,0,0,0,0,0,0,0,,En el sitio a menos de 20 minutos,poma,si mas de 2L,agua embotellada,si mas de 15L,pozo,2,9,no,no,si,no,no,una vez al mes,no,no,malaria,,,0,no,si,En el sitio a menos de tres km,gobierno,si,Entre 1 y 2 km,Menos del 25%,agricultura,,menor a 25%,no,si,no,no,si,comunidad,si,ninguno,0,0,no,si,si,si,bueno,bueno,si,si no adecuada,ninguno,no,no,no,no,no,no,si,no,,,,,,,,,ninguno,"La zona es peligrosa por que amenudo hay robos, la semana pasada saltaron a una vecina",radio noticias,como obtener informacion,no,,,,2016-05-07T19:46:56,90
Ecuador,5/7/16,Feminino,1,Manabi,Bolivar,Calceta,,MAN_070,Albergue Vencedores,Estadio Juan Manuel Alava,Albergue planificado,Centro deportivo,abierto,4/26/16,5/7/16,,-0.84932209,-80.15955629,Urbano,,,,400,,si,62,227,121,106,0,3,0,3,0,1,1,0,0,4,2,0,0,3,7,1,1,0,0,0,0,0,0,2,0,0,0,0,0,1,0,lugar_de_origen,En el sitio a menos de 20 minutos,barril_200L,si menos de 2L,tanquero,si mas de 15L,tanquero,8,28,si,si,si,no,si,todos los dias,si,si,ninguno,ninguno,ninguno,0,si,si,En el sitio a menos de tres km,gobierno,no,Menos de 1 kilometro,Menos del 25%,jornalero,Ama de casa,menor a 25%,no,no,no,si,no,combinado policia militares,no,Asistencia Psicologica,1,1,si,si,si,si,bueno,bueno,si,si adecuada,ninguno,no,no,no,no,no,no,si,no,otro,no,no,no,no,no,no,,ninguno,,autoridades,Soluciones Vivienda,no,,,,2016-05-07T19:46:57,91
Ecuador,5/7/16,Masculino,1,Manabi,Bolivar,Calceta,,MAN_071,Escuela Julio Cobos Hernandez,,Albergue planificado,Escuela,abierto,4/16/16,5/18/16,Fecha del cierre aun no definida,-0.845172869,-80.16879897,Rural,,,,,"No reciben alimentos, no hay carpas, dicen q no van a recibir ayuda ya que no es un albergue solo es refugio",si,29,136,55,81,0,2,4,0,0,1,0,1,5,0,0,0,0,1,3,0,0,0,0,0,0,0,0,5,3,0,0,0,0,0,0,lugar_de_origen,En el sitio a menos de 20 minutos,cisterna,no,tanquero,no,otra,4,34,si,no,si,no,no,nunca,no,no,IRA,ninguno,ninguno,0,si,si,Fuera del sitio a menos de 3 km,gobierno,no,Menos de 1 kilometro,Menos del 25%,otro,Rifas,menor a 25%,no,no,no,no,no,comunidad,no,ninguno,1,0,no,si,si,si,bueno,deficiente,si,si adecuada,agua saneamiento higiene comida,no,si,no,si,no,no,no,no,distancia,si,no,no,no,no,no,,si todos,,telefonos celular,Temblores,no,,,,2016-05-07T20:08:35,92